id;name;extend_name;link;danger;type;danger_2;full_name;type_2;used_in;health_impact1;E100;E100 – Куркумины;https://dobavkam.net/additives/e100;Очень низкая опасность;;безвреден;Краситель / оранжевый, желтый / натуральный;Кондитерских изделиях, ликёров, мясных блюд; ; 2;E100(i);E100(i) – Куркумин;https://dobavkam.net/additives/e100i;Очень низкая опасность;;;;;;3;E100(ii);E100(ii) – Турмерик;https://dobavkam.net/additives/e100ii;Очень низкая опасность;;;;;;4;E101;E101 – Рибофлавины;https://dobavkam.net/additives/e101;Очень низкая опасность;;безвреден;Краситель / желтый;Малина, алыча, земляника, айва, яблоки, абрикосы, баклажаны, перец, петрушка, спаржа, укроп, фасоль, салат;Влияет на усвоение белков и углеводов, участвует в синтезе ряда ферментов, обеспечивающих транспорт кислорода в организме; 5;E101(i);E101(i) – Рибофлавин синтетический;https://dobavkam.net/additives/e101i;;;;;;;6;E101(ii);E101(ii) – Натриевая соль рибофлавин 5-фосфат;https://dobavkam.net/additives/e101ii;;;;;;;7;E101(iii);E101(iii) – Рибофлавин из «Сенной палочки»;https://dobavkam.net/additives/e101iii;;;;;;;8;E102;E102 – Тартразин;https://dobavkam.net/additives/e102;Средняя опасность;;очень опасен;краситель / золотисто-желтый;Мороженное, кондитерских изделиях, конфетах, желе, пюре, супах, йогуртах, горчице, напитках;Мигрень, зуд, раздражительность, нарушение зрения,
пищевая аллергия, заболевания щитовидной железы, нарушение сна;Украина, ЕС9;E103;E103 – Алканин, Алканет;https://dobavkam.net/additives/e103;Высокая опасность;;опасен;Краситель / красно-бордовый/ получаемый экстракцией из корней Alkanna tinctoria; ;Канцерогенный эффект (вызывает рак);Россия10;E104;E104 – Желтый хинолиновый;https://dobavkam.net/additives/e104;Средняя опасность;;очень опасен;Краситель / желто-зелёный;Копченой рыбе, цветных драже, леденцах от кашля, жвачках;Гиперактивное поведения у детей, воспаление кожи;Австралия, Япония, Норвегия, США.11;E105;E105 – Желтый прочный AB;https://dobavkam.net/additives/e105;Высокая опасность;;опасен; ; ;Рост злокачественных опухолей; 12;E106;E106 – Рибофлавин-5'-фосфат натрия;https://dobavkam.net/additives/e106;Очень низкая опасность;;;;;;13;E107;E107 – Жёлтый 2G;https://dobavkam.net/additives/e107;Высокая опасность;;опасен;Краситель/ желтый; ;аллергическая реакция, бронхиальная астма;Россия, Австрия, Норвегия, Швеция, Швейцария, Япония14;E110;E110 – Желтый «солнечный закат»;https://dobavkam.net/additives/e110;Высокая опасность;;опасен;Краситель / ярко-оранжевый;Конфетной глазуре, джемах, напитках, пакетированных супах,, восточных пряностях, соусах и пр.;аллергическая реакция, заложенность носа, насморк, тошнота, боли в животе, гиперактивность; 15;E111;E111 – Оранжевый GGN (альфа-нафтол оранжевый);https://dobavkam.net/additives/e111;Очень высокая опасность;;;;;;16;E120;E120 – Кармины;https://dobavkam.net/additives/e120;Низкая опасность;;;;;;17;E121;E121 – Цитрусовый красный 2;https://dobavkam.net/additives/e121;;;запрещен;Краситель; ;Рост злокачественных опухолей; 18;E122;E122 – Азорубин, кармуазин;https://dobavkam.net/additives/e122;Высокая опасность;; ;Краситель / малиновый; ; ; 19;E123;E123 – Амарант;https://dobavkam.net/additives/e123;Очень высокая опасность;;запрещен;Краситель анионный / от тёмно-красного до фиолетового цвета,;Окрашивании натуральных и синтетических тканей, кожи, бумаги и фенолформальдегидных смопасен;пороки развития у плода, имеет канцерогенные свойства (вызывает рак);РФ20;E124;E124 – Понсо 4R, Пунцовый 4R;https://dobavkam.net/additives/e124;Высокая опасность;;опасен;Краситель / кошенилевый красный;Салатных заправках, десертных топингах, кексах, бисквитах, творожных изделиях, салями;Заболевания желудочно-кишечного тракта, может вызвать рак, приступы астмы; 21;E126;E126 – Понсо 6R;https://dobavkam.net/additives/e126;Очень высокая опасность;;опасен; ; ;Рост злокачественных опухолей; 22;E128;E128 – Красный 2G;https://dobavkam.net/additives/e128;;;особо
опасен;Краситель / красный;Сосисках, колбасе, измельченном мясе;"Является генотоксичным соединением, то есть имеющим способность вызывать изменения в генах
- онкологические заболевания;
- аномалии развития плода;
- врожденные патологии.";Россия23;E129;E129 – Красный очаровательный АС;https://dobavkam.net/additives/e129;Средняя опасность;;опасен;Краситель / красный, оранжевый;Кондитерских изделиях, лекарствах,, косметических средствах, губной помаде;канцерогенный эффект (вызывает рак), аллергию различных видов.;Европа24;E131;E131 – Синий патентованный V;https://dobavkam.net/additives/e131;Высокая опасность;;запрещен;Краситель / голубой или фиолетовый;Фарше, колбасах, мясных изделиях, а так же применяется как краска используемая в медицинских диагностических процедурах;Рост злокачественных опухолей, астма,
желудочно-кишечные расстройства, анафилаксия крапивница, гиперактивность, аллергические реакции;ЕС, США.25;E132;E132 – Индигокармин;https://dobavkam.net/additives/e132;Средняя опасность;; ;Краситель /синий;Бутылочных безалкогольных напитках, сладостях, сухом печенье, кондитерских изделиях, мороженом, выпечке,
ополаскивателе для волос, краске для теста, таблетках и капсулах (как краситель);"Астма; аллергические реакции; гиперактивность проблемы с сердцем; не рекомендуется детям; имеет канцерогенный эффект"; 26;E133;E133 – Синий блестящий FCF, бриллиантовый голубой FCF;https://dobavkam.net/additives/e133;Средняя опасность;; ;Краситель / голубой / синтетический; ;Рост злокачественных опухолей;ЕС, США27;E134;E134 – Экстракт спирулины;https://dobavkam.net/additives/e134;;;;;;;28;E140;E140 – Хлорофилл;https://dobavkam.net/additives/e140;Очень низкая опасность;;безвреден;Краситель / зеленый / натуральный;Мороженое, кремах, молочных десертов, соусах, майонезе;Россия; 29;E141;E141 – Хлорофилла медные комплексы;https://dobavkam.net/additives/e141;Очень низкая опасность;;;;;;30;E142;E142 – Зеленый S;https://dobavkam.net/additives/e142;Средняя опасность;;;;;;31;E143;E143 – Зеленый прочный FCF;https://dobavkam.net/additives/e143;Очень высокая опасность;;опасен; ; ;Рост злокачественных опухолей; 32;E150;E150 – Сахарный колер;https://dobavkam.net/additives/e150;Средняя опасность;;;;;;33;E150a;E150a – Сахарный колер I простой;https://dobavkam.net/additives/e150a;Средняя опасность;;;;;;34;E150b;E150b – Сахарный колер II, полученный по «щелочно-сульфитной» технологии;https://dobavkam.net/additives/e150b;Средняя опасность;;;;;;35;E150c;E150c – Сахарный колер III, полученный по «аммиачной» технологии;https://dobavkam.net/additives/e150c;Средняя опасность;;;;;;36;E150d;E150d – Сахарный колер IV, полученный по «аммиачно-сульфитной» технологии;https://dobavkam.net/additives/e150d;Средняя опасность;;;;;;37;E151;E151 – Черный блестящий PN, бриллиантовый черный PN;https://dobavkam.net/additives/e151;Средняя опасность;; ;Краситель / фиолетовый; ; ; 38;E152;E152 – Уголь;https://dobavkam.net/additives/e152;Средняя опасность;;опасен;Краситель; ;Рост злокачественных опухолей; 39;E153;E153 – Уголь растительный;https://dobavkam.net/additives/e153;Средняя опасность;;опасен;Краситель; ;канцерогенный эффект (вызывает рак);Россия40;E155;E155 – Коричневый HT;https://dobavkam.net/additives/e155;Средняя опасность;;запрещен;Краситель; ; ;Россия41;E160;E160 – Каротиноиды;https://dobavkam.net/additives/e160;Средняя опасность;;;;;;42;E160a;E160a – Каротины;https://dobavkam.net/additives/e160a;Средняя опасность;;;;;;43;E160b;E160b – Аннато экстракты;https://dobavkam.net/additives/e160b;Средняя опасность;;;;;;44;E160c;E160c – Маслосмолы паприки;https://dobavkam.net/additives/e160c;Нулевая опасность;;;;;;45;E160d;E160d – Ликопин;https://dobavkam.net/additives/e160d;Очень низкая опасность;;;;;;46;E160e;E160e – бета-Апокаротиновый альдегид;https://dobavkam.net/additives/e160e;Очень низкая опасность;;;;;;47;E160f;E160f – Метиловый или этиловый эфиры бета-апо-8'-каротиновой кислоты;https://dobavkam.net/additives/e160f;Низкая опасность;;;;;;48;E161;E161 – Ксантофиллы;https://dobavkam.net/additives/e161;;;;;;;49;E161a;E161a – Флавоксантин;https://dobavkam.net/additives/e161a;;;;;;;50;E161b;E161b – Лютеин;https://dobavkam.net/additives/e161b;Нулевая опасность;;;;;;51;E161c;E161c – Криптоксантин;https://dobavkam.net/additives/e161c;;;;;;;52;E161d;E161d – Рубиксантин;https://dobavkam.net/additives/e161d;;;;;;;53;E161e;E161e – Виолоксантин;https://dobavkam.net/additives/e161e;;;;;;;54;E161f;E161f – Родоксантин;https://dobavkam.net/additives/e161f;;;;;;;55;E161g;E161g – Кантаксантин;https://dobavkam.net/additives/e161g;;;;;;;56;E161h;E161h – Зеаксантин;https://dobavkam.net/additives/e161h;;;;;;;57;E161i;E161i – Цитранаксантин;https://dobavkam.net/additives/e161i;;;;;;;58;E161j;E161j – Астаксантин;https://dobavkam.net/additives/e161j;;;;;;;59;E162;E162 – Красный свекольный;https://dobavkam.net/additives/e162;Нулевая опасность;;;;;;60;E163;E163 – Антоцианы;https://dobavkam.net/additives/e163;Нулевая опасность;;;;;;61;E164;E164 – Шафран;https://dobavkam.net/additives/e164;Очень низкая опасность;; ;Краситель; ; ; 62;E170;E170 – Карбонаты кальция;https://dobavkam.net/additives/e170;Очень низкая опасность;;;;;;63;E171;E171 – Диоксид титана;https://dobavkam.net/additives/e171;Низкая опасность;;опасен;Краситель / отбеливающие свойства;Креме для загара,
белых частях крабовых палочек;Рак кожи,
заболевание печени и почек; 64;E172;E172 – Оксиды железа;https://dobavkam.net/additives/e172;Очень низкая опасность;;;;;;65;E173;E173 – Алюминий;https://dobavkam.net/additives/e173;Средняя опасность;;не установлено;Краситель; ;Заболевание печени и почек;Россия66;E174;E174 – Серебро;https://dobavkam.net/additives/e174;Очень низкая опасность;;не установлено;Краситель; ; ;Россия67;E175;E175 – Золото;https://dobavkam.net/additives/e175;Очень низкая опасность;;опасен;Краситель; ; ;Россия68;E181;E181 – Танины пищевые;https://dobavkam.net/additives/e181;Средняя опасность;;;;;;69;E182;E182 – Орсейл, Орсин;https://dobavkam.net/additives/e182;;;запрещен;Краситель; ; ;Россия70;E200;E200 – Сорбиновая кислота;https://dobavkam.net/additives/e200;Очень низкая опасность;;;;;;71;E201;E201 – Сорбат натрия;https://dobavkam.net/additives/e201;;;;;;;72;E202;E202 – Сорбат калия;https://dobavkam.net/additives/e202;Очень низкая опасность;;;;;;73;E203;E203 – Сорбат кальция;https://dobavkam.net/additives/e203;;;;;;;74;E209;E209 – Пара-Оксибензойной кислоты гептиловый эфир;https://dobavkam.net/additives/e209;;;опасен;Консервант; ; ;Россия75;E210;E210 – Бензойная кислота;https://dobavkam.net/additives/e210;Средняя опасность;;опасен;Консервант / природный содержащийся в клюкве и бруснике;Напитках, плодово-ягодной продукции, рыбопродуктах, кетчупах, в консервации, парфюмерии;Рост злокачественных опухолей
канцерогенный эффект; 76;E211;E211 – Бензоат натрия;https://dobavkam.net/additives/e211;Высокая опасность;;опасен;Консервант/ антибиотик, усилитель цвета;"Соусах для барбекью, прессервах, соевых соусах, ""фруктовых"" драже, леденцах";Рост злокачественных опухолей, аллергия; 77;E212;E212 – Бензоат калия;https://dobavkam.net/additives/e212;;;;;;;78;E213;E213 – Бензоат кальция;https://dobavkam.net/additives/e213;;;опасен;Консервант; ;Рост злокачественных опухолей;Россия79;E214;E214 – Пара-Оксибензойной кислоты этиловый эфир;https://dobavkam.net/additives/e214;;;запрещен;Консервант; ;Рост злокачественных опухолей;Россия80;E215;E215 – Пара-Оксибензойной кислоты этилового эфира натриевая соль;https://dobavkam.net/additives/e215;;;опасен;Консервант; ;Рост злокачественных опухолей;Россия81;E216;E216 – Пара-оксибензойной кислоты пропиловый эфир;https://dobavkam.net/additives/e216;Высокая опасность;;опасен;Консервант;Конфеты, шоколад с начинкой, мясные продукты, покрытые желе паштеты, супы и бульоны.;Рост злокачественных опухолей, головная боль, раздражительность, утомляемость,печеночные колики, пищевое отравление, плохо влияют на имунную систему;Россия82;E217;E217 – Пара-оксибензойной кислоты пропиловый эфир, натриевая соль;https://dobavkam.net/additives/e217;Высокая опасность;;опасен;Консервант;Конфеты, шоколад с начинкой, мясные продукты, покрытые желе паштеты, супы и бульоны.;Рост злокачественных опухолей, головная боль, раздражительность, утомляемость,печеночные колики, пищевое отравление, плохо влияют на имунную систему;Россия83;E218;E218 – Пара-оксибензойной кислоты метиловый эфир;https://dobavkam.net/additives/e218;Низкая опасность;;;;;;84;E219;E219 – Пара-Оксибензойной кислоты метилового эфира натриевая соль;https://dobavkam.net/additives/e219;;;запрещен;Консервант; ;Рост злокачественных опухолей;Россия85;E220;E220 – Диоксид серы;https://dobavkam.net/additives/e220;Средняя опасность;;опасен;Консервант / бесцветный газ / тормозит потемнение овощей и фруктов / антимикробное средство;Пиво, вино, б/а напитки, сухофрукты, соки, алкогольные напитки, уксус, картофельные продукты, мясные продукты,
а так же для консервирования продуктов, подвергаемых дальнейшей переработке;Головная боль, тошнота, понос, тяжесть в желудке,аллергические реакции (насморк, кашель, охриплость, першение в горле); 86;E221;E221 – Сульфит натрия;https://dobavkam.net/additives/e221;;;опасен;Консервант / тормозит ферментативное потемнение овощей и фруктов, замедляет образование меланоидинов; ;Заболевания желудочно-кишечного тракта; 87;E222;E222 – Гидросульфит натрия;https://dobavkam.net/additives/e222;Высокая опасность;;опасен;Консервант / антиокислитель / Белый с сероватым оттенком порошок;Пищевых продуктах, а так же в легкой, химической промышленности;Заболевания желудочно-кишечного тракта; 88;E223;E223 – Пиросульфит натрия;https://dobavkam.net/additives/e223;Средняя опасность;;опасен;Консервант / белый кристаллический порошок.;Напитках, винах,
мармеладе, зефире, повидле, джемах,
изюме, томатном пюре, плодово-ягодном пюре,
сушеных фруктах (подлежащих термообработке), полуфабрикатах из ягод (клубника, малина, вишня и др);Заболевания желудочно-кишечного тракта, аллергические реакции; 89;E224;E224 – Пиросульфит калия;https://dobavkam.net/additives/e224;Средняя опасность;;опасен;Консервант / антиокислитель;Вине;Заболевания желудочно-кишечного тракта; 90;E225;E225 – Сульфит калия;https://dobavkam.net/additives/e225;Средняя опасность;;опасен;Консервант; ;Заболевания желудочно-кишечного тракта;Россия91;E226;E226 – Сульфит кальция;https://dobavkam.net/additives/e226;Средняя опасность;;опасен;Консервант; ;Заболевания желудочно-кишечного тракта;Россия92;E227;E227 – Гидросульфит кальция;https://dobavkam.net/additives/e227;Средняя опасность;;опасен;Консервант; ; ;Россия93;E228;E228 – Гидросульфит (бисульфит) калия;https://dobavkam.net/additives/e228;;;опасен;Консервант; ; ;Россия94;E230;E230 – Дифенил;https://dobavkam.net/additives/e230;Средняя опасность;;опасен;Консервант; ;Рост злокачественных опухолей, аллергия;Россия95;E231;E231 – Орто-Фенилфенол;https://dobavkam.net/additives/e231;Средняя опасность;;опасен;Консервант; ;Аллергия, головная боль, раздражительность, утомляемость,печеночные колики, плохо влияют на имунную систему, могут провоцировать возникновение злокачественных опухолей;Россия96;E232;E232 – Орто-фенилфенола натриевая соль;https://dobavkam.net/additives/e232;Средняя опасность;;опасен;Консервант; ;Аллергия, головная боль, раздражительность, утомляемость,печеночные колики, плохо влияют на имунную систему, могут провоцировать возникновение злокачественных опухолей;Россия97;E234;E234 – Низин;https://dobavkam.net/additives/e234;Низкая опасность;; ;Консервант / природный антибиотик;Молочных продуктах, сырах, овощных и фруктовых консервах; ; 98;E235;E235 – Пимарицин, натамицин;https://dobavkam.net/additives/e235;Низкая опасность;;;;;;99;E236;E236 – Муравьиная кислота;https://dobavkam.net/additives/e236;Средняя опасность;;;;;;100;E237;E237 – Формиат натрия;https://dobavkam.net/additives/e237;;; ;Консервант; ; ;Россия101;E238;E238 – Формиат кальция;https://dobavkam.net/additives/e238;;;опасен;Консервант; ; ;Россия102;E239;E239 – Гексаметилентетрамин;https://dobavkam.net/additives/e239;Средняя опасность;;опасен;Консервант;консервах зернистой икры лососевых рыб и для выращивания маточных культур дрожжей.;Аллергия; 103;E241;E241 – Гваяковая камедь;https://dobavkam.net/additives/e241;;;опасен;Консервант; ; ;Россия104;E242;E242 – Диметилдикарбонат (велькорин);https://dobavkam.net/additives/e242;;; ;Консервант;безалкогольных напитках, вине; ; 105;E249;E249 – Нитрит калия;https://dobavkam.net/additives/e249;;; ;Консервант / краситель /
белый или слегка желтоватый кристаллический порошок / яд;мясных и рыбных изделиях;Рост злокачественных опухолей; 106;E250;E250 – Нитрит натрия;https://dobavkam.net/additives/e250;Средняя опасность;; ;Консервант краситель, приправа / использующийся для сухой консервации мяса и стабилизации его красного цвета;беконе (особенно жаренном), сосисках, ветчине, копченом мясе и рыбных изделиях;"-Головная боль,
- кислородное голодание организма (гипоксия);
- уменьшение содержания витаминов в организма;
- пищевые отравления с возможным летальным исходом
- раздражительность, -утомляемость,
- печеночные колики,
-повышенная возбудимость нервной системы у детей
- плохо влияют на имунную систему,
- может провоцировать возникновение злокачественных опухолей";ЕС107;E251;E251 – Нитрат натрия;https://dobavkam.net/additives/e251;;; ;Консервант; ;"Головная боль, раздражительность, утомляемость,печеночные колики;, посинение губ, ногтей, кожи, судороги, понос, головокружение, затруднение дыхания, плохо влияют на имунную систему, могут провоцировать возникновение злокачественных опухолей"; 108;E252;E252 – Нитрат калия;https://dobavkam.net/additives/e252;Средняя опасность;;опасен;Консервант / Бесцветный -бело кристаллический порошок, без запаха;производстве стекла, пищевых продуктов, минеральных удобрений.;Рост злокачественных опухолей;Россия109;E260;E260 – Уксусная кислота;https://dobavkam.net/additives/e260;Очень низкая опасность;;;;;;110;E261;E261 – Ацетаты калия;https://dobavkam.net/additives/e261;;;;;;;111;E262;E262 – Ацетаты натрия;https://dobavkam.net/additives/e262;Очень низкая опасность;;;;;;112;E262(ii);E262(ii) – Диацетат натрия;https://dobavkam.net/additives/e262ii;;;;;;;113;E263;E263 – Ацетат кальция;https://dobavkam.net/additives/e263;;;;;;;114;E264;E264 – Ацетат аммония;https://dobavkam.net/additives/e264;;;опасен; ; ; ;Россия115;E265;E265 – Дегидрацетовая кислота;https://dobavkam.net/additives/e265;;;;;;;116;E266;E266 – Дегидрацетат натрия;https://dobavkam.net/additives/e266;;;;;;;117;E270;E270 – Молочная кислота, L-, D и DL-;https://dobavkam.net/additives/e270;Нулевая опасность;;;;;;118;E280;E280 – Пропионовая кислота;https://dobavkam.net/additives/e280;Очень низкая опасность;;;;;;119;E281;E281 – Пропионат натрия;https://dobavkam.net/additives/e281;;;опасен; ; ; ;Россия120;E282;E282 – Пропионат кальция;https://dobavkam.net/additives/e282;;;опасен; ; ; ;Россия121;E283;E283 – Пропионат калия;https://dobavkam.net/additives/e283;;;опасен; ; ; ;Россия122;E290;E290 – Диоксид углерода;https://dobavkam.net/additives/e290;Очень низкая опасность;;;;;;123;E296;E296 – Яблочная кислота;https://dobavkam.net/additives/e296;Очень низкая опасность;;;;;;124;E297;E297 – Фумаровая кислота;https://dobavkam.net/additives/e297;Очень низкая опасность;;;;;;125;E300;E300 – Аскорбиновая кислота;https://dobavkam.net/additives/e300;Очень низкая опасность;; ; ; ; ; 126;E301;E301 – Аскорбат натрия;https://dobavkam.net/additives/e301;Нулевая опасность;; ; ; ; ; 127;E302;E302 – Аскорбат кальция;https://dobavkam.net/additives/e302;;;опасен; ; ; ;Россия128;E303;E303 – Аскорбат калия;https://dobavkam.net/additives/e303;;;опасен; ; ; ;Россия129;E304;E304 – Аскорбилпальмитат;https://dobavkam.net/additives/e304;;;опасен; ; ; ;Россия130;E305;E305 – Аскорбилстеарат;https://dobavkam.net/additives/e305;;;опасен; ; ; ;Россия131;E306;E306 – Токоферолы, концентрат смеси;https://dobavkam.net/additives/e306;;;;;;;132;E307;E307 – Альфа-токоферол, витамин E;https://dobavkam.net/additives/e307;Очень низкая опасность;;;;;;133;E308;E308 – гамма-Токоферол синтетический;https://dobavkam.net/additives/e308;;;опасен; ; ; ;Россия134;E309;E309 – дельта-Токоферол синтетический;https://dobavkam.net/additives/e309;;;опасен; ; ; ;Россия135;E310;E310 – Пропилгаллат;https://dobavkam.net/additives/e310;;;опасен; ; ; ;Россия136;E311;E311 – Октилгаллат;https://dobavkam.net/additives/e311;;;опасен;Антиокислитель; ;Аллергия, приступы астмы, повышение содержания холестерина;Россия137;E312;E312 – Додецилгаллат;https://dobavkam.net/additives/e312;;;опасен; ; ;Аллергия;Россия138;E314;E314 – Гваяковая смола;https://dobavkam.net/additives/e314;;;опасен; ; ; ;Россия139;E315;E315 – Изоаскорбиновая (эриторбовая) кислота;https://dobavkam.net/additives/e315;;;;;;;140;E316;E316 – Изоаскорбат натрия;https://dobavkam.net/additives/e316;Низкая опасность;;;;;;141;E317;E317 – Изоаскорбат калия;https://dobavkam.net/additives/e317;;;опасен; ; ; ;Россия142;E318;E318 – Изоаскорбат кальция;https://dobavkam.net/additives/e318;;;опасен; ; ; ;Россия143;E319;E319 – Трет-Бутилгидрохинон;https://dobavkam.net/additives/e319;;;;;;;144;E320;E320 – Бутилгидроксианизол;https://dobavkam.net/additives/e320;Высокая опасность;;опасен;Антиокислитель / для замедления окислительного процесса в жировых и масляных смесях;"продукты с содержанием жира; жевательные резинки.";"Заболевания желудочно-кишечного тракта, печени, почек; вызавает приступы астмы и повышение содержания холестерина"; 145;E321;E321 – Бутилгидрокситолуол;https://dobavkam.net/additives/e321;Средняя опасность;;опасен;Антиокислитель; ;"Заболевания желудочно-кишечного тракта, печени, почек; вызавает приступы астмы и повышение содержания холестерина"; 146;E322;E322 – Лецитины;https://dobavkam.net/additives/e322;Очень низкая опасность;;опасен; ; ;Заболевания желудочно-кишечного тракта, печени и почек; 147;E322(i);E322(i) – Лецитин;https://dobavkam.net/additives/e322i;;;;;;;148;E322(ii);E322(ii) – Частично гидролизованный лецитин;https://dobavkam.net/additives/e322ii;;;;;;;149;E323;E323 – Аноксомер;https://dobavkam.net/additives/e323;;;опасен; ; ; ;Россия150;E325;E325 – Лактат натрия;https://dobavkam.net/additives/e325;Очень низкая опасность;;опасен; ; ; ;Россия151;E326;E326 – Лактат калия;https://dobavkam.net/additives/e326;;;;;;;152;E327;E327 – Лактат кальция;https://dobavkam.net/additives/e327;Нулевая опасность;;;;;;153;E328;E328 – Лактат аммония;https://dobavkam.net/additives/e328;;;опасен; ; ; ;Россия154;E329;E329 – Лактат магния;https://dobavkam.net/additives/e329;;;опасен; ; ; ;Россия155;E330;E330 – Лимонная кислота;https://dobavkam.net/additives/e330;Очень низкая опасность;;опасен; ; ;Рост злокачественных опухолей; 156;E331;E331 – Цитрат натрия;https://dobavkam.net/additives/e331;Очень низкая опасность;;;;;;157;E331(i);E331(i) – Цитрат натрия 1-замещенный;https://dobavkam.net/additives/e331i;Очень низкая опасность;;;;;;158;E331(ii);E331(ii) – Цитрат натрия 2-замещенный;https://dobavkam.net/additives/e331ii;Очень низкая опасность;;;;;;159;E331(iii);E331(iii) – Цитрат натрия 3-замещенный;https://dobavkam.net/additives/e331iii;Очень низкая опасность;;;;;;160;E332;E332 – Цитраты калия;https://dobavkam.net/additives/e332;;;;;;;161;E333;E333 – Цитраты кальция;https://dobavkam.net/additives/e333;Нулевая опасность;;;;;;162;E334;E334 – Винная кислота;https://dobavkam.net/additives/e334;Очень низкая опасность;;;;;;163;E335;E335 – Тартраты натрия;https://dobavkam.net/additives/e335;;;;;;;164;E336;E336 – Тартрат калия;https://dobavkam.net/additives/e336;Очень низкая опасность;;;;;;165;E337;E337 – Тартрат калия-натрия;https://dobavkam.net/additives/e337;;;;;;;166;E338;E338 – Орто-фосфорная кислота;https://dobavkam.net/additives/e338;Средняя опасность;;опасен; ; ;Заболевания желудочно-кишечного тракта; 167;E339;E339 – Фосфаты натрия;https://dobavkam.net/additives/e339;Низкая опасность;;опасен; ; ;Заболевания желудочно-кишечного тракта; 168;E340;E340 – Фосфаты калия;https://dobavkam.net/additives/e340;Очень низкая опасность;;опасен; ; ;Заболевания желудочно-кишечного тракта; 169;E340(ii);E340(ii) – Орто-Фосфат калия 2-замещенный;https://dobavkam.net/additives/e340ii;;;;;;;170;E341;E341 – Фосфаты кальция;https://dobavkam.net/additives/e341;Очень низкая опасность;;опасен; ; ;Заболевания желудочно-кишечного тракта; 171;E341(ii);E341(ii) – Орто-Фосфат кальция 2-замещенный;https://dobavkam.net/additives/e341ii;;;;;;;172;E341(iii);E341(iii) – Орто-Фосфат кальция 3-замещенный;https://dobavkam.net/additives/e341iii;;;;;;;173;E342;E342 – Фосфаты аммония;https://dobavkam.net/additives/e342;;;;;;;174;E343;E343 – Фосфаты магния;https://dobavkam.net/additives/e343;;;опасен; ; ; ;Россия175;E350;E350 – Малаты натрия;https://dobavkam.net/additives/e350;Очень низкая опасность;;опасен; ; ; ;Россия176;E351;E351 – Малаты калия;https://dobavkam.net/additives/e351;;;опасен; ; ; ;Россия177;E352;E352 – Малаты кальция;https://dobavkam.net/additives/e352;;;опасен; ; ; ;Россия178;E353;E353 – Мета-винная кислота;https://dobavkam.net/additives/e353;;;;;;;179;E354;E354 – Тартрат кальция;https://dobavkam.net/additives/e354;;;;;;;180;E355;E355 – Адипиновая кислота;https://dobavkam.net/additives/e355;;;опасен; ; ; ;Россия181;E356;E356 – Адипаты натрия;https://dobavkam.net/additives/e356;;;опасен; ; ; ;Россия182;E357;E357 – Адипаты калия;https://dobavkam.net/additives/e357;;;опасен; ; ; ;Россия183;E359;E359 – Адипаты аммония;https://dobavkam.net/additives/e359;;;опасен; ; ; ;Россия184;E363;E363 – Янтарная кислота;https://dobavkam.net/additives/e363;Нулевая опасность;;;;;;185;E365;E365 – Фумараты натрия;https://dobavkam.net/additives/e365;;;опасен; ; ; ;Россия186;E375;E375 – Никотиновая кислота;https://dobavkam.net/additives/e375;Низкая опасность;;опасен; ; ; ;Россия187;E380;E380 – Цитраты аммония;https://dobavkam.net/additives/e380;;;;;;;188;E381;E381 – Цитраты аммония-железа;https://dobavkam.net/additives/e381;;;опасен; ; ; ;Россия189;E384;E384 – Изопропилцитратная смесь;https://dobavkam.net/additives/e384;;;опасен; ; ; ;Россия190;E385;E385 – Этилендиаминтетраацетат кальция-натрия;https://dobavkam.net/additives/e385;Низкая опасность;;;;;;191;E386;E386 – Этилендиаминтетраацетат динатрий;https://dobavkam.net/additives/e386;;;;;;;192;E387;E387 – Оксистеарин;https://dobavkam.net/additives/e387;;;опасен; ; ; ;Россия193;E392;E392 – Экстракты розмарина;https://dobavkam.net/additives/e392;;;;;;;194;E400;E400 – Альгиновая кислота;https://dobavkam.net/additives/e400;;;;;;;195;E401;E401 – Альгинат натрия;https://dobavkam.net/additives/e401;Нулевая опасность;;;;;;196;E402;E402 – Альгинат калия;https://dobavkam.net/additives/e402;;;;;;;197;E403;E403 – Альгинат аммония;https://dobavkam.net/additives/e403;;;опасен; ; ; ;Россия198;E404;E404 – Альгинат кальция;https://dobavkam.net/additives/e404;;;;;;;199;E405;E405 – Пропиленгликольальгинат;https://dobavkam.net/additives/e405;;;;;;;200;E406;E406 – Агар;https://dobavkam.net/additives/e406;Нулевая опасность;;;;;;201;E407;E407 – Карраген;https://dobavkam.net/additives/e407;Нулевая опасность;;опасен; ; ;Заболевания желудочно-кишечного тракта; 202;E407a;E407a – Каррагинан из водорослей EUCHEMA;https://dobavkam.net/additives/e407a;;;;;;;203;E409;E409 – Арабиногалактан;https://dobavkam.net/additives/e409;;;;;;;204;E410;E410 – Камедь рожкового дерева;https://dobavkam.net/additives/e410;Нулевая опасность;;;;;;205;E412;E412 – Гуаровая камедь;https://dobavkam.net/additives/e412;Нулевая опасность;;;;;;206;E413;E413 – Трагакант камедь;https://dobavkam.net/additives/e413;;;;;;;207;E414;E414 – Гуммиарабик;https://dobavkam.net/additives/e414;Нулевая опасность;;;;;;208;E415;E415 – Ксантановая камедь;https://dobavkam.net/additives/e415;Нулевая опасность;;;;;;209;E416;E416 – Карайи камедь;https://dobavkam.net/additives/e416;;;;;;;210;E417;E417 – Тары камедь;https://dobavkam.net/additives/e417;Очень низкая опасность;;;;;;211;E418;E418 – Геллановая камедь;https://dobavkam.net/additives/e418;;;опасен; ; ; ;Россия212;E420;E420 – Сорбит и собрбитовый сироп;https://dobavkam.net/additives/e420;Низкая опасность;;;;;;213;E421;E421 – Маннит;https://dobavkam.net/additives/e421;Низкая опасность;;;;;;214;E422;E422 – Глицерин;https://dobavkam.net/additives/e422;Очень низкая опасность;;;;;;215;E425;E425 – Конжак (Конжаковая мука);https://dobavkam.net/additives/e425;;;;;;;216;E426;E426 – Гемицеллюлоза сои;https://dobavkam.net/additives/e426;;;;;;;217;E427;E427 – Камедь кассии;https://dobavkam.net/additives/e427;;;;;;;218;E430;E430 – Полиоксиэтилен (8) стеарат;https://dobavkam.net/additives/e430;;;опасен; ; ; ;Россия219;E431;E431 – Полиоксиэтилен (40) стеарат;https://dobavkam.net/additives/e431;;;опасен; ; ; ;Россия220;E432;E432 – Полиоксиэтилен (20) сорбитан монолаурат, Твин 20;https://dobavkam.net/additives/e432;;;опасен; ; ; ;Россия221;E433;E433 – Полиоксиэтилен (20) сорбитан моноолеат, Твин 80;https://dobavkam.net/additives/e433;Средняя опасность;;опасен; ; ; ;Россия222;E434;E434 – Полиоксиэтилен (20) сорбитан монопальмитат, Твин 40;https://dobavkam.net/additives/e434;;;опасен; ; ; ;Россия223;E435;E435 – Полиоксиэтилен (20) сорбитан моностеарат, Твин 60;https://dobavkam.net/additives/e435;;;опасен; ; ; ;Россия224;E436;E436 – Полиоксиэтилен (20) сорбитан три-стеарат;https://dobavkam.net/additives/e436;;;опасен; ; ; ;Россия225;E440;E440 – Пектины;https://dobavkam.net/additives/e440;Нулевая опасность;;;;;;226;E442;E442 – Аммонийные соли фосфатидиловой кислоты;https://dobavkam.net/additives/e442;;;опасен; ; ; ;Россия227;E444;E444 – Сахарозы ацетат изобутират;https://dobavkam.net/additives/e444;;;опасен; ; ; ;Россия228;E445;E445 – Эфиры глицерина и смоляных кислот;https://dobavkam.net/additives/e445;Очень низкая опасность;;;;;;229;E450;E450 – Пирофосфаты;https://dobavkam.net/additives/e450;Средняя опасность;;опасен; ; ;Заболевания желудочно-кишечного тракта; 230;E450(i);E450(i) – Дигидропирофосфат натрия;https://dobavkam.net/additives/e450i;Средняя опасность;;;;;;231;E450(ii);E450(ii) – Моногидропирофосфат натрия;https://dobavkam.net/additives/e450ii;;;;;;;232;E450(iii);E450(iii) – Пирофосфат натрия;https://dobavkam.net/additives/e450iii;;;;;;;233;E450(iv);E450(iv) – Дигидропирофосфат калия;https://dobavkam.net/additives/e450iv;;;;;;;234;E450(v);E450(v) – Пирофосфат калия;https://dobavkam.net/additives/e450v;;;;;;;235;E450(vi);E450(vi) – Пирофосфат кальция;https://dobavkam.net/additives/e450vi;;;;;;;236;E450(vii);E450(vii) – Дигидропирофосфат кальция;https://dobavkam.net/additives/e450vii;;;;;;;237;E450(viii);E450(viii) – Пирофосфат димагния;https://dobavkam.net/additives/e450viii;;;;;;;238;E450(ix);E450(ix) – Дигидрофосфат магния;https://dobavkam.net/additives/e450ix;;;;;;;239;E451;E451 – Трифосфаты;https://dobavkam.net/additives/e451;Средняя опасность;;;;;;240;E451(i);E451(i) – Трифосфат натрия;https://dobavkam.net/additives/e451i;;;;;;;241;E452;E452 – Полифосфаты;https://dobavkam.net/additives/e452;Низкая опасность;;;;;;242;E452(i);E452(i) – Полифосфат натрия;https://dobavkam.net/additives/e452i;;;;;;;243;E459;E459 – Бета-Циклодекстрин;https://dobavkam.net/additives/e459;Очень низкая опасность;;;;;;244;E460;E460 – Целлюлоза;https://dobavkam.net/additives/e460;;;;;;;245;E461;E461 – Метилцеллюлоза;https://dobavkam.net/additives/e461;;;опасен; ; ;Заболевания желудочно-кишечного тракта; 246;E462;E462 – Этилцеллюлоза;https://dobavkam.net/additives/e462;;;опасен; ; ;Заболевания желудочно-кишечного тракта;Россия247;E463;E463 – Гидроксипропилцеллюлоза;https://dobavkam.net/additives/e463;;;опасен; ; ;Заболевания желудочно-кишечного тракта;Россия248;E464;E464 – Гидроксипропилметилцеллюлоза;https://dobavkam.net/additives/e464;;;опасен; ; ;Заболевания желудочно-кишечного тракта; 249;E465;E465 – Метилэтилцеллюлоза;https://dobavkam.net/additives/e465;;;опасен; ; ;Заболевания желудочно-кишечного тракта;Россия250;E466;E466 – Карбоксиметилцеллюлоза;https://dobavkam.net/additives/e466;Средняя опасность;;опасен; ; ;Заболевания желудочно-кишечного тракта; 251;E467;E467 – Этилгидроксиэтилцеллюлоза;https://dobavkam.net/additives/e467;;;опасен; ; ; ;Россия252;E468;E468 – Кросскарамеллоза (карбоксиметилцеллюлоза натриевая соль кроссвязанная);https://dobavkam.net/additives/e468;;;;;;;253;E469;E469 – Карбоксиметилцеллюлоза ферментативно гидролизованная;https://dobavkam.net/additives/e469;;;;;;;254;E470;E470 – Жирные кислоты, соли алюминия, кальция, натрия, магния, калия и аммония;https://dobavkam.net/additives/e470;;;;;;;255;E470(iii);E470(iii) – Магниевые соли жирных кислот;https://dobavkam.net/additives/e470iii;;;;;;;256;E471;E471 – Моно- и диглицериды жирных кислот;https://dobavkam.net/additives/e471;Очень низкая опасность;;;;;;257;E472;E472 – Эфиры и глицериды кислот;https://dobavkam.net/additives/e472;Очень низкая опасность;;;;;;258;E472a;E472a – Глицерина и уксусной и жирных кислот эфиры;https://dobavkam.net/additives/e472a;;;;;;;259;E472b;E472b – Глицерина и молочной и жирных кислот эфиры;https://dobavkam.net/additives/e472b;;;;;;;260;E472c;E472c – Глицерина и лимонной кислоты и жирных кислот эфиры;https://dobavkam.net/additives/e472c;;;;;;;261;E472d;E472d – Моно- и диглицериды жирных кислот и винной кислоты эфиры;https://dobavkam.net/additives/e472d;;;;;;;262;E472e;E472e – Глицерина и диацетилвинной и жирных кислот эфиры;https://dobavkam.net/additives/e472e;Очень низкая опасность;;;;;;263;E472f;E472f – Глицерина и винной, уксусной и жирных кислот смешанные эфиры;https://dobavkam.net/additives/e472f;;;;;;;264;E472g;E472g – Моноглицеридов и янтарной кислоты эфиры;https://dobavkam.net/additives/e472g;;;;;;;265;E473;E473 – Сахарозы и жирных кислот эфиры;https://dobavkam.net/additives/e473;;;;;;;266;E474;E474 – Сахароглицериды;https://dobavkam.net/additives/e474;;;опасен; ; ; ;Россия267;E475;E475 – Эфиры полиглицеридов и жирных кислот;https://dobavkam.net/additives/e475;Очень низкая опасность;;;;;;268;E476;E476 – Полиглицерин;https://dobavkam.net/additives/e476;Низкая опасность;;опасен; ; ; ;Россия269;E477;E477 – Пропиленгликоля и жирных кислот эфиры;https://dobavkam.net/additives/e477;;;опасен; ; ; ;Россия270;E478;E478 – Лактилированных жирных кислот глицерина и пропиленгликоля эфиры;https://dobavkam.net/additives/e478;;;опасен; ; ; ;Россия271;E479;E479 – Термически окисленное соевое масло с моно- и диглицеридами жирных кислот;https://dobavkam.net/additives/e479;;;опасен; ; ; ;Россия272;E480;E480 – Диоктилсульфосукцинат натрия;https://dobavkam.net/additives/e480;;;опасен; ; ; ;Россия273;E481;E481 – Стеароил-2-лактилат натрия;https://dobavkam.net/additives/e481;;;;;;;274;E482;E482 – Стеароил-2-лактилат кальция;https://dobavkam.net/additives/e482;;;опасен; ; ; ;Россия275;E483;E483 – Стеарилтартрат;https://dobavkam.net/additives/e483;;;опасен; ; ; ;Россия276;E484;E484 – Стеарилцитрат;https://dobavkam.net/additives/e484;;;опасен; ; ; ;Россия277;E491;E491 – Сорбитан моностеарат, СПЭН 60;https://dobavkam.net/additives/e491;;;опасен; ; ; ;Россия278;E492;E492 – Сорбитан тристеарат;https://dobavkam.net/additives/e492;;;опасен; ; ; ;Россия279;E493;E493 – Сорбитан монолаурат, СПЭН 20;https://dobavkam.net/additives/e493;;;опасен; ; ; ;Россия280;E494;E494 – Сорбитан моноолеат, СПЭН 80;https://dobavkam.net/additives/e494;;;опасен; ; ; ;Россия281;E495;E495 – Сорбитан монопальмитат, СПЭН 40;https://dobavkam.net/additives/e495;;;опасен; ; ; ;Россия282;E500;E500 – Карбонаты натрия;https://dobavkam.net/additives/e500;Очень низкая опасность;;;;;;283;E500(ii);E500(ii) – Гидрокарбонат натрия;https://dobavkam.net/additives/e500ii;;;;;;;284;E501;E501 – Карбонаты калия;https://dobavkam.net/additives/e501;Очень низкая опасность;;;;;;285;E503;E503 – Карбонаты аммония;https://dobavkam.net/additives/e503;Низкая опасность;;;;;;286;E504;E504 – Карбонат магния;https://dobavkam.net/additives/e504;Низкая опасность;;;;;;287;E507;E507 – Соляная кислота;https://dobavkam.net/additives/e507;Низкая опасность;;;;;;288;E508;E508 – Хлорид калия;https://dobavkam.net/additives/e508;Очень низкая опасность;;;;;;289;E509;E509 – Хлорид кальция;https://dobavkam.net/additives/e509;Низкая опасность;;;;;;290;E510;E510 – Хлорид аммония;https://dobavkam.net/additives/e510;Средняя опасность;;особо опасен;эмульгатор /, создают однородную массу при сочетании несмешиваемых продуктов, например, воды и масла.; ;Отрицательно влияют на печень, вызывают растройство желудка; 291;E511;E511 – Хлорид магния;https://dobavkam.net/additives/e511;Очень низкая опасность;;;;;;292;E513;E513 – Серная кислота;https://dobavkam.net/additives/e513;Средняя опасность;;особо опасен;эмульгатор /, создают однородную массу при сочетании несмешиваемых продуктов, например, воды и масла.; ;Отрицательно влияют на печень, вызывают растройство желудка; 293;E514;E514 – Сульфат натрия;https://dobavkam.net/additives/e514;Низкая опасность;;;;;;294;E515;E515 – Сульфат калия;https://dobavkam.net/additives/e515;Очень низкая опасность;;;;;;295;E516;E516 – Сульфат кальция;https://dobavkam.net/additives/e516;Очень низкая опасность;; ; ; ; ;Россия296;E517;E517 – Сульфаты аммония;https://dobavkam.net/additives/e517;;; ; ; ; ;Россия297;E518;E518 – Сульфаты магния;https://dobavkam.net/additives/e518;;; ; ; ; ;Россия298;E519;E519 – Сульфат меди (II);https://dobavkam.net/additives/e519;Низкая опасность;; ; ; ; ;Россия299;E520;E520 – Сульфат алюминия;https://dobavkam.net/additives/e520;;; ; ; ; ;Россия300;E521;E521 – Сульфат алюминия-натрия, квасцы алюмонатриевые;https://dobavkam.net/additives/e521;;; ; ; ; ;Россия301;E522;E522 – Сульфат алюминия-калия, квасцы алюмокалиевые;https://dobavkam.net/additives/e522;;; ; ; ; ;Россия302;E523;E523 – Сульфат алюминия-аммония, квасцы алюмоаммиачные;https://dobavkam.net/additives/e523;;; ; ; ; ;Россия303;E524;E524 – Гидроксид натрия;https://dobavkam.net/additives/e524;Низкая опасность;;;;;;304;E525;E525 – Гидроксид калия;https://dobavkam.net/additives/e525;Низкая опасность;;;;;;305;E526;E526 – Гидроксид кальция;https://dobavkam.net/additives/e526;Низкая опасность;;;;;;306;E527;E527 – Гидроксид аммония;https://dobavkam.net/additives/e527;Средняя опасность;;особо опасен;эмульгатор /, создают однородную массу при сочетании несмешиваемых продуктов, например, воды и масла.; ;Отрицательно влияют на печень, вызывают растройство желудка; 307;E528;E528 – Гидроксид магния;https://dobavkam.net/additives/e528;;;;;;;308;E529;E529 – Оксид кальция;https://dobavkam.net/additives/e529;;;;;;;309;E530;E530 – Оксид магния;https://dobavkam.net/additives/e530;Очень низкая опасность;;;;;;310;E535;E535 – Ферроцианид натрия;https://dobavkam.net/additives/e535;;; ; ; ; ;Россия311;E536;E536 – Ферроцианид калия;https://dobavkam.net/additives/e536;Низкая опасность;;;;;;312;E538;E538 – Ферроцианид кальция;https://dobavkam.net/additives/e538;;; ; ; ; ;Россия313;E539;E539 – Тиосульфат натрия;https://dobavkam.net/additives/e539;Низкая опасность;;;;;;314;E541;E541 – Алюмофосфат натрия кислый;https://dobavkam.net/additives/e541;;; ; ; ; ;Россия315;E542;E542 – Фосфат костный (фосфат кальция);https://dobavkam.net/additives/e542;;; ; ; ; ;Россия316;E551;E551 – Диоксид кремния;https://dobavkam.net/additives/e551;Очень низкая опасность;;;;;;317;E552;E552 – Силикат кальция;https://dobavkam.net/additives/e552;;; ; ; ; ;Россия318;E553;E553 – Силикаты магния;https://dobavkam.net/additives/e553;;;;;;;319;E553(iii);E553(iii) – Тальк;https://dobavkam.net/additives/e553iii;;;;;;;320;E554;E554 – Алюмосиликат натрия;https://dobavkam.net/additives/e554;;; ; ; ; ;Россия321;E555;E555 – Алюмосиликат калия;https://dobavkam.net/additives/e555;;; ; ; ; ;Россия322;E556;E556 – Алюмосиликат кальция;https://dobavkam.net/additives/e556;;; ; ; ; ;Россия323;E558;E558 – Бентонит;https://dobavkam.net/additives/e558;Очень низкая опасность;;;;;;324;E559;E559 – Алюмосиликаты;https://dobavkam.net/additives/e559;Очень низкая опасность;; ; ; ; ;Россия325;E570;E570 – Жирные кислоты;https://dobavkam.net/additives/e570;Очень низкая опасность;;;;;;326;E574;E574 – Глюконовая кислота (D-);https://dobavkam.net/additives/e574;;; ; ; ; ;Россия327;E575;E575 – Глюконо-дельта-лактон;https://dobavkam.net/additives/e575;Низкая опасность;;;;;;328;E576;E576 – Глюконат натрия;https://dobavkam.net/additives/e576;;; ; ; ; ;Россия329;E577;E577 – Глюконат калия;https://dobavkam.net/additives/e577;;; ; ; ; ;Россия330;E578;E578 – Глюконат кальция;https://dobavkam.net/additives/e578;;;;;;;331;E579;E579 – Глюконат железа;https://dobavkam.net/additives/e579;Низкая опасность;; ; ; ; ;Россия332;E580;E580 – Глюконат магния;https://dobavkam.net/additives/e580;;; ; ; ; ;Россия333;E585;E585 – Лактат железа;https://dobavkam.net/additives/e585;Низкая опасность;;;;;;334;E586;E586 – 4-Гексилрезорцин;https://dobavkam.net/additives/e586;;;;;;;335;E620;E620 – Глутаминовая кислота, L(+)-;https://dobavkam.net/additives/e620;;;;;;;336;E621;E621 – Глутамат натрия;https://dobavkam.net/additives/e621;Низкая опасность;;;;;;337;E622;E622 – Глутамат калия 1-замещенный;https://dobavkam.net/additives/e622;;;запрещен; ; ; ;Россия,
Украина338;E623;E623 – Глутамат кальция;https://dobavkam.net/additives/e623;;; ; ; ; ;Россия339;E624;E624 – Глутамат аммония 1-замещенный;https://dobavkam.net/additives/e624;;; ; ; ; ;Россия340;E625;E625 – Глутамат магния;https://dobavkam.net/additives/e625;;; ; ; ; ;Россия341;E626;E626 – Гуаниловая кислота;https://dobavkam.net/additives/e626;;;;;;;342;E627;E627 – Двунатриевый гуанилат;https://dobavkam.net/additives/e627;Низкая опасность;;;;;;343;E628;"E628 – 5""-Гуанилат калия 2-замещенный";https://dobavkam.net/additives/e628;;; ; ; ; ;Россия344;E629;"E629 – 5""-Гуанилат кальция";https://dobavkam.net/additives/e629;;; ; ; ; ;Россия345;E630;E630 – Инозиновая кислота;https://dobavkam.net/additives/e630;;;;;;;346;E631;E631 – Инозинат натрия;https://dobavkam.net/additives/e631;Низкая опасность;;;;;;347;E632;E632 – Инозинат калия;https://dobavkam.net/additives/e632;;; ; ; ; ;Россия348;E633;"E633 – 5""-Инозинат кальция";https://dobavkam.net/additives/e633;;; ; ; ; ;Россия349;E634;E634 – 5'-Рибонуклеотиды кальция;https://dobavkam.net/additives/e634;;; ; ; ; ;Россия350;E635;E635 – 5'-Рибонуклеотиды натрия 2-замещенные;https://dobavkam.net/additives/e635;Низкая опасность;; ; ; ; ;Россия351;E636;E636 – Мальтол;https://dobavkam.net/additives/e636;Очень низкая опасность;;;;;;352;E637;E637 – Этилмальтол;https://dobavkam.net/additives/e637;Низкая опасность;;;;;;353;E640;E640 – Глицин и его натриевая соль;https://dobavkam.net/additives/e640;;; ; ; ; ;Россия354;E650;E650 – Ацетат цинка;https://dobavkam.net/additives/e650;;;;;;;355;E900a;E900a – Полидиметилсилоксан;https://dobavkam.net/additives/e900a;;;;;;;356;E901;E901 – Воск пчелиный, белый и желтый;https://dobavkam.net/additives/e901;;;;;;;357;E902;E902 – Воск свечной;https://dobavkam.net/additives/e902;;;;;;;358;E903;E903 – Карнаубский воск;https://dobavkam.net/additives/e903;Нулевая опасность;;;;;;359;E904;E904 – Шеллак;https://dobavkam.net/additives/e904;;;;;;;360;E905c;E905c – Парафин, микрокристаллический воск;https://dobavkam.net/additives/e905c;;;;;;;361;E905d;E905d – Минеральное масло (высокой вязкости);https://dobavkam.net/additives/e905d;;;;;;;362;E905e;E905e – Минеральное масло (средней и низкой вязкости, класс I);https://dobavkam.net/additives/e905e;;;;;;;363;E907;E907 – Поли-1-децен гидрогенизированный;https://dobavkam.net/additives/e907;;;;;;;364;E908;E908 – Воск рисовых отрубей;https://dobavkam.net/additives/e908;;; ; ; ; ;Россия365;E912;E912 – Монтановой (октакозановой) кислоты эфиры;https://dobavkam.net/additives/e912;;;;;;;366;E913;E913 – Ланолин;https://dobavkam.net/additives/e913;Очень низкая опасность;; ; ; ; ;Россия367;E914;E914 – Полиэтиленовый воск окисленный;https://dobavkam.net/additives/e914;;;;;;;368;E917;E917 – Йодат калия;https://dobavkam.net/additives/e917;;; ; ; ; ;Россия369;E920;E920 – Цистеин, L- и его гидрохлориды - натриевая и калиевая соли;https://dobavkam.net/additives/e920;;;;;;;370;E927b;E927b – Карбамид (мочевина);https://dobavkam.net/additives/e927b;;;;;;;371;E928;E928 – Перекись бензоила;https://dobavkam.net/additives/e928;;;;;;;372;E930;E930 – Перекись кальция;https://dobavkam.net/additives/e930;;;;;;;373;E938;E938 – Аргон;https://dobavkam.net/additives/e938;;;;;;;374;E939;E939 – Гелий;https://dobavkam.net/additives/e939;;;;;;;375;E941;E941 – Азот;https://dobavkam.net/additives/e941;;;;;;;376;E942;E942 – Закись азота;https://dobavkam.net/additives/e942;;; ; ; ; ;Россия377;E943a;E943a – Бутан;https://dobavkam.net/additives/e943a;;;;;;;378;E943b;E943b – Изобутан;https://dobavkam.net/additives/e943b;;;;;;;379;E944;E944 – Пропан;https://dobavkam.net/additives/e944;;; ; ; ; ;Россия380;E948;E948 – Кислород;https://dobavkam.net/additives/e948;;;;;;;381;E949;E949 – Водород;https://dobavkam.net/additives/e949;;;;;;;382;E950;E950 – Ацесульфам калия;https://dobavkam.net/additives/e950;Средняя опасность;;;;;;383;E951;E951 – Аспартам;https://dobavkam.net/additives/e951;Низкая опасность;; ;синтетический сахарозаменитель; ;"- истощение запасов серотонина в коре головного мозга;
- развитие маниакальной депрессии, припадков паники, насилия (при чрезмерном употреблении)."; 384;E952;E952 – Цикламат натрия;https://dobavkam.net/additives/e952;Высокая опасность;;;;;;385;E953;E953 – Изомальт;https://dobavkam.net/additives/e953;Низкая опасность;;;;;;386;E954;E954 – Сахарин;https://dobavkam.net/additives/e954;Средняя опасность;;;;;;387;E955;E955 – Сукралоза (трихлоргалактосахароза);https://dobavkam.net/additives/e955;;;;;;;388;E957;E957 – Тауматин;https://dobavkam.net/additives/e957;;; ; ; ; ;Россия389;E959;E959 – Неогесперидин дигидрохалкон;https://dobavkam.net/additives/e959;;; ; ; ; ;Россия390;E960;E960 – Стевиолгликозиды;https://dobavkam.net/additives/e960;;;;;;;391;E961;E961 – Неотам;https://dobavkam.net/additives/e961;;;;;;;392;E962;E962 – Аспартам-ацесульфама соль;https://dobavkam.net/additives/e962;;;;;;;393;E965;E965 – Мальтит;https://dobavkam.net/additives/e965;Низкая опасность;;;;;;394;E966;E966 – Лактит;https://dobavkam.net/additives/e966;;;;;;;395;E967;E967 – Ксилит;https://dobavkam.net/additives/e967;Низкая опасность;;;;;;396;E968;E968 – Эритрит;https://dobavkam.net/additives/e968;;;;;;;397;E999;E999 – Экстракт квиллайи;https://dobavkam.net/additives/e999;Низкая опасность;;;;;;398;E1100;E1100 – Амилаза;https://dobavkam.net/additives/e1100;Очень низкая опасность;;;;;;399;E1102;E1102 – Глюкозооксидаза;https://dobavkam.net/additives/e1102;;;;;;;400;E1103;E1103 – Инвертаза;https://dobavkam.net/additives/e1103;;;;;;;401;E1104;E1104 – Липаза;https://dobavkam.net/additives/e1104;Низкая опасность;;;;;;402;E1105;E1105 – Лизоцим;https://dobavkam.net/additives/e1105;Очень низкая опасность;;;;;;403;E1200;E1200 – Полидекстрозы;https://dobavkam.net/additives/e1200;;;;;;;404;E1201;E1201 – Поливинилпирролидон;https://dobavkam.net/additives/e1201;;;;;;;405;E1202;E1202 – Поливинилполипирролидон;https://dobavkam.net/additives/e1202;;;;;;;406;E1203;E1203 – Поливиниловый спирт;https://dobavkam.net/additives/e1203;;;;;;;407;E1204;E1204 – Пуллулан;https://dobavkam.net/additives/e1204;;;;;;;408;E1400;E1400 – Декстрин;https://dobavkam.net/additives/e1400;Нулевая опасность;;;;;;409;E1401;E1401 – Крахмал, обработанный кислотой;https://dobavkam.net/additives/e1401;;;;;;;410;E1402;E1402 – Крахмал, обработанный щелочью;https://dobavkam.net/additives/e1402;;;;;;;411;E1403;E1403 – Крахмал отбеленный;https://dobavkam.net/additives/e1403;;;;;;;412;E1404;E1404 – Крахмал, обработанный щелочью;https://dobavkam.net/additives/e1404;Низкая опасность;;;;;;413;E1405;E1405 – Крахмал, обработанный ферментными препаратами;https://dobavkam.net/additives/e1405;;;;;;;414;E1410;E1410 – Монокрахмалфосфат;https://dobavkam.net/additives/e1410;;;;;;;415;E1412;"E1412 – Дикрахмалфосфат, этерифицированный тринатрийметафосфатом; этерифицированный хлорокисью фосфора";https://dobavkam.net/additives/e1412;;;;;;;416;E1413;"E1413 – Фосфатированный дикрахмалфосфат ""сшитый""";https://dobavkam.net/additives/e1413;;;;;;;417;E1414;"E1414 – Дикрахмалфосфат ацетилированный ""сшитый""";https://dobavkam.net/additives/e1414;;;;;;;418;E1420;E1420 – Крахмал ацетатный, этерифицированный уксусным ангидридом;https://dobavkam.net/additives/e1420;;;;;;;419;E1422;E1422 – Дикрахмаладипат ацетилированный;https://dobavkam.net/additives/e1422;Низкая опасность;;;;;;420;E1440;E1440 – Крахмал оксипропилированный;https://dobavkam.net/additives/e1440;;;;;;;421;E1442;E1442 – Дикрахмалфосфат оксипропилированный;https://dobavkam.net/additives/e1442;Низкая опасность;;;;;;422;E1450;E1450 – Крахмала и натриевой соли октенилянтарной кислоты эфир;https://dobavkam.net/additives/e1450;Очень низкая опасность;;;;;;423;E1451;E1451 – Крахмал ацетилированный окисленный;https://dobavkam.net/additives/e1451;;;;;;;424;E1452;E1452 – Крахмала и алюминиевой соли октенилянтарной кислоты эфир;https://dobavkam.net/additives/e1452;;;;;;;425;E1503;E1503 – Касторовое масло;https://dobavkam.net/additives/e1503;;;;;;;426;E1505;E1505 – Триэтилцитрат;https://dobavkam.net/additives/e1505;;;;;;;427;E1510;E1510 – Этанол;https://dobavkam.net/additives/e1510;Очень низкая опасность;;;;;;428;E1517;E1517 – Диацетин (глицерилдиацетат);https://dobavkam.net/additives/e1517;;;;;;;429;E1518;E1518 – Триацетин;https://dobavkam.net/additives/e1518;Низкая опасность;;;;;;430;E1519;E1519 – Бензиловый спирт;https://dobavkam.net/additives/e1519;;;;;;;431;E1520;E1520 – Пропиленгликоль;https://dobavkam.net/additives/e1520;Низкая опасность;;;;;;432;E1521;E1521 – Полиэтиленгликоль;https://dobavkam.net/additives/e1521;;;;;;;